Workbook

Sheet Organigrama
A1: GPS GASTRONÓMICO — Organigrama Semanal de Meseros
A2: Restaurante: | G2: Semana del:
A5: DEFINICIÓN DE TURNOS (horario de entrada y salida)
A6: TURNO | B6: NOMBRE | C6: ENTRADA | E6: SALIDA | G6: HORAS
A7: T1 | B7: Mañana / Mediodía | C7: 0.45833333 | E7: 0.66666667 | G7: =IF(E7>C7,(E7-C7)*24,(E7+1-C7)*24) -> 5
A8: T2 | B8: Tarde | C8: 0.66666667 | E8: 0.83333333 | G8: =IF(E8>C8,(E8-C8)*24,(E8+1-C8)*24) -> 4
A9: T3 | B9: Noche | C9: 0.83333333 | E9: 0 | G9: =IF(E9>C9,(E9-C9)*24,(E9+1-C9)*24) -> 4
A11: MESERO | B11: PUESTO | C11: LUNES | F11: MARTES | I11: MIÉRCOLES | L11: JUEVES | O11: VIERNES | R11: SÁBADO | U11: DOMINGO | X11: TOTAL HORAS
C12: T1 | D12: T2 | E12: T3 | F12: T1 | G12: T2 | H12: T3 | I12: T1 | J12: T2 | K12: T3 | L12: T1 | M12: T2 | N12: T3 | O12: T1 | P12: T2 | Q12: T3 | R12: T1 | S12: T2 | T12: T3 | U12: T1 | V12: T2 | W12: T3
A13: jorge | B13: terraza | C13: 5 | E13: 5 | F13: 5 | H13: 8 | I13: 5 | K13: 8 | X13: =SUM(C13:W13) -> 36
A14: marcelo | B14: terraza | C14: 5 | E14: 5 | X14: =SUM(C14:W14) -> 10
X15: =SUM(C15:W15) -> 0
X16: =SUM(C16:W16) -> 0
X17: =SUM(C17:W17) -> 0
X18: =SUM(C18:W18) -> 0
X19: =SUM(C19:W19) -> 0
X20: =SUM(C20:W20) -> 0
X21: =SUM(C21:W21) -> 0
X22: =SUM(C22:W22) -> 0
X23: =SUM(C23:W23) -> 0
X24: =SUM(C24:W24) -> 0
X25: =SUM(C25:W25) -> 0
X26: =SUM(C26:W26) -> 0
A27: ASIGNADOS | C27: =COUNTA(C13:C26) -> 2 | D27: =COUNTA(D13:D26) -> 0 | E27: 4 | F27: =COUNTA(F13:F26) -> 1 | G27: =COUNTA(G13:G26) -> 0 | H27: =COUNTA(H13:H26) -> 1 | I27: =COUNTA(I13:I26) -> 1 | J27: =COUNTA(J13:J26) -> 0 | K27: =COUNTA(K13:K26) -> 1 | L27: =COUNTA(L13:L26) -> 0 | M27: =COUNTA(M13:M26) -> 0 | ... W27: =COUNTA(W13:W26) -> 0 | X27: =SUM(X13:X26) -> 46
A28: NECESARIOS | C28: 3 | D28: =Dotación!E7 -> 2 | E28: =Dotación!G7 -> 4 | F28: =Dotación!C8 | G28: =Dotación!E8 | H28: =Dotación!G8 | I28: =Dotación!C9 | J28: =Dotación!E9 | K28: =Dotación!G9 | L28: =Dotación!C10 | M28: =Dotación!E10 | N28: =Dotación!G10 | O28: =Dotación!C11 | P28: =Dotación!E11 | Q28: =Dotación!G11 | R28: =Dotación!C12 | S28: =Dotación!E12 | T28: =Dotación!G12 | U28: =Dotación!C13 -> 0 | V28: =Dotación!E13 | W28: =Dotación!G13
A30: En cada celda escriba las HORAS que trabaja el mesero en ese turno. TOTAL HORAS las suma por mesero; abajo, el total del equipo. ASIGNADOS cuenta los meseros del turno; NECESARIOS viene de la hoja “Dotación”. Verde = cubierto · Rojo = faltan meseros.

Sheet Dotación
A1: GPS GASTRONÓMICO
A2: Dotación — cálculo de meseros por día y turno (3 turnos)
A4: Ratio comensales/mesero: | C4: 20 | D4: Mínimo meseros por turno: | F4: 1
A5: Cargue los comensales esperados por turno. Dotación = el MAYOR entre (comensales ÷ ratio) y el mínimo por turno. Los nombres de los turnos se definen en la hoja Organigrama.
A6: DÍA | B6: COMENS. T1 | C6: MESEROS T1 | D6: COMENS. T2 | E6: MESEROS T2 | F6: COMENS. T3 | G6: MESEROS T3
A7: Lunes | B7: 20 | C7: =IF(ISNUMBER(B7),MAX(ROUNDUP(B7/$C$4,0),$F$4),"") -> 1 | D7: 40 | E7: =IF(ISNUMBER(D7),MAX(ROUNDUP(D7/$C$4,0),$F$4),"") -> 2 | F7: 80 | G7: =IF(ISNUMBER(F7),MAX(ROUNDUP(F7/$C$4,0),$F$4),"") -> 4
A8: Martes | C8: =IF(ISNUMBER(B8),MAX(ROUNDUP(B8/$C$4,0),$F$4),"") | E8: =IF(ISNUMBER(D8),MAX(ROUNDUP(D8/$C$4,0),$F$4),"") | G8: =IF(ISNUMBER(F8),MAX(ROUNDUP(F8/$C$4,0),$F$4),"")
A9: Miércoles | C9: =IF(ISNUMBER(B9),MAX(ROUNDUP(B9/$C$4,0),$F$4),"") | E9: =IF(ISNUMBER(D9),MAX(ROUNDUP(D9/$C$4,0),$F$4),"") | G9: =IF(ISNUMBER(F9),MAX(ROUNDUP(F9/$C$4,0),$F$4),"")
A10: Jueves | C10: =IF(ISNUMBER(B10),MAX(ROUNDUP(B10/$C$4,0),$F$4),"") | E10: =IF(ISNUMBER(D10),MAX(ROUNDUP(D10/$C$4,0),$F$4),"") | G10: =IF(ISNUMBER(F10),MAX(ROUNDUP(F10/$C$4,0),$F$4),"")
A11: Viernes | C11: =IF(ISNUMBER(B11),MAX(ROUNDUP(B11/$C$4,0),$F$4),"") | E11: =IF(ISNUMBER(D11),MAX(ROUNDUP(D11/$C$4,0),$F$4),"") | G11: =IF(ISNUMBER(F11),MAX(ROUNDUP(F11/$C$4,0),$F$4),"")
A12: Sábado | C12: =IF(ISNUMBER(B12),MAX(ROUNDUP(B12/$C$4,0),$F$4),"") | E12: =IF(ISNUMBER(D12),MAX(ROUNDUP(D12/$C$4,0),$F$4),"") | G12: =IF(ISNUMBER(F12),MAX(ROUNDUP(F12/$C$4,0),$F$4),"")
A13: Domingo | E13: =IF(ISNUMBER(D13),MAX(ROUNDUP(D13/$C$4,0),$F$4),"") | G13: =IF(ISNUMBER(F13),MAX(ROUNDUP(F13/$C$4,0),$F$4),"")

Sheet Instructivo
A1: CÓMO USAR EL ORGANIGRAMA SEMANAL
A3: 1. En "Organigrama", DEFINICIÓN DE TURNOS: ajuste el nombre y el horario de entrada/salida de cada turno (T1, T2, T3). Las horas se calculan solas.
A4: 2. En "Dotación": cargue el ratio, el mínimo de meseros por turno y los comensales esperados de cada turno por día. Calcula los meseros necesarios.
A5: 3. En "Organigrama": escriba los nombres de los meseros y su puesto.
A6: 4. En cada cruce mesero / día / turno, escriba las HORAS que trabaja en ese turno (la duración estándar del turno u horas reales).
A7: 5. TOTAL HORAS suma las horas que cargó cada mesero en la semana; abajo aparece el total de horas del equipo.
A8: 6. ASIGNADOS cuenta los meseros por turno y NECESARIOS los compara: ROJO = faltan, VERDE = cubierto.
A9: 7. Imprima la hoja "Organigrama" (horizontal, ajustada a una página) y péguela en la zona de meseros.
A10: Celdas crema = se completan a mano. Celdas grises = se calculan solas.
